Model,Skill,RMSE,MAE
Prophet,accounting_gyumri armenia_Finance,0.06700456058580917,0.04736328610152512
Prophet,communication_gyumri armenia_Finance,0.06700456058580917,0.04736328610152512
Prophet,finance_gyumri armenia_Finance,0.06700456058580917,0.04736328610152512
Prophet,administration_gyumri armenia_Finance,0.0,0.0
Prophet,css_gyumri armenia_Finance,0.0,0.0
Prophet,communication_other armenia_IT,0.3152684183508038,0.2082758600416256
Prophet,management_other armenia_IT,0.40523399296478047,0.29533686810390986
Prophet,marketing_other armenia_IT,0.25757713243418506,0.20602980641561994
Prophet,software development_other armenia_IT,0.23415777657235531,0.11032412964524187
Prophet,java_other armenia_IT,0.2594896528205304,0.1219829689270504
Prophet,administration_abovyan armenia_IT,0.2730976629065172,0.11457926076058686
Prophet,database_abovyan armenia_IT,0.19274655952836595,0.07714816348560702
Prophet,javascript_abovyan armenia_IT,0.19274655952836595,0.07714816348560702
Prophet,communication_abovyan armenia_IT,0.19611613513818404,0.038461538461538464
Prophet,css_abovyan armenia_IT,0.05947982894257445,0.04353477732662303
Prophet,sales_gyumri armenia_Sales_Marketing,0.29528547092507135,0.24724984641360756
Prophet,communication_gyumri armenia_Sales_Marketing,0.22250543256066288,0.17818699297867674
Prophet,marketing_gyumri armenia_Sales_Marketing,0.17633009916686115,0.15897793745335329
Prophet,management_gyumri armenia_Sales_Marketing,0.1956801892414573,0.07039701342199921
Prophet,customer service_gyumri armenia_Sales_Marketing,0.04551982784351711,0.028205477533798033
Prophet,communication_vanadzor armenia_Other,0.4404484577059507,0.2684414227695511
Prophet,management_vanadzor armenia_Other,0.2958749092550986,0.17210213211730546
Prophet,administration_vanadzor armenia_Other,0.18516905695377764,0.1709866754020323
Prophet,accounting_vanadzor armenia_Other,0.28288570069476093,0.19267706358208514
Prophet,finance_vanadzor armenia_Other,0.2204331217466462,0.161243505087491
Prophet,accounting_yerevan armenia_Finance,4.801383073929922,4.143727163641611
Prophet,finance_yerevan armenia_Finance,4.100126768640802,3.3666119908999517
Prophet,management_yerevan armenia_Finance,2.6796070854063943,2.32698820914137
Prophet,communication_yerevan armenia_Finance,2.742804735155459,2.1750709537587585
Prophet,administration_yerevan armenia_Finance,1.2703260396964708,1.1489953730051827
Prophet,communication_other armenia_Administrative,1.0736254842344304,0.6687264205461171
Prophet,administration_other armenia_Administrative,0.4456398354901187,0.2117881681964277
Prophet,management_other armenia_Administrative,0.44522971025835895,0.19544410496312312
Prophet,accounting_other armenia_Administrative,0.2687322669972332,0.14026081103430313
Prophet,database_other armenia_Administrative,0.09075644279633445,0.07450050968885732
Prophet,communication_yerevan armenia_Management,7.719394577025502,6.5057521115523835
Prophet,management_yerevan armenia_Management,6.353470760625198,4.961415896323614
Prophet,sales_yerevan armenia_Management,5.447025786000979,4.3506134357139
Prophet,marketing_yerevan armenia_Management,5.495860064833983,4.717549201131042
Prophet,leadership_yerevan armenia_Management,2.5820573395192823,2.1356325143664354
Prophet,communication_yerevan armenia_Other,15.391151063554606,12.378962800068914
Prophet,management_yerevan armenia_Other,8.308731031032426,5.952970145447144
Prophet,finance_yerevan armenia_Other,5.318848535844934,4.0032260670603215
Prophet,administration_yerevan armenia_Other,3.693376171910814,2.873141110184851
Prophet,database_yerevan armenia_Other,3.101802745368305,2.3224695278162146
Prophet,communication_vanadzor armenia_Administrative,0.06643140103342099,0.060715108921981606
Prophet,finance_vanadzor armenia_Administrative,0.04173836578796363,0.01810354043301899
Prophet,accounting_vanadzor armenia_Administrative,0.023888887365041255,0.014094194255853388
Prophet,administration_vanadzor armenia_Administrative,0.03218257037568135,0.024903232344168684
Prophet,management_vanadzor armenia_Administrative,0.023888887365041255,0.014094194255853388
Prophet,accounting_tbilisi georgia_Finance,0.45054732297567524,0.1668572000327
Prophet,administration_tbilisi georgia_Finance,0.2045418657672579,0.07337029469149088
Prophet,communication_tbilisi georgia_Finance,0.06891990438663737,0.04027494124498508
Prophet,finance_tbilisi georgia_Finance,0.2045418657672579,0.07337029469149088
Prophet,css_tbilisi georgia_Finance,0.0,0.0
Prophet,database_abovyan armenia_Administrative,0.2094614695871597,0.11411231084491748
Prophet,management_abovyan armenia_Administrative,0.17131297857380076,0.1455641315878863
Prophet,communication_abovyan armenia_Administrative,0.05646377094877558,0.02690237750161935
Prophet,sales_abovyan armenia_Administrative,0.19611613513818404,0.038461538461538464
Prophet,accounting_abovyan armenia_Administrative,0.0,0.0
Prophet,communication_gyumri armenia_Other,0.9155941922865547,0.5884924097341189
Prophet,management_gyumri armenia_Other,0.690772648055216,0.3807179466840345
Prophet,finance_gyumri armenia_Other,0.9875612004472518,0.2970589737352983
Prophet,accounting_gyumri armenia_Other,0.9996574011428815,0.27350222946524544
Prophet,administration_gyumri armenia_Other,0.30430386050627295,0.14469171154907562
Prophet,database_tbilisi georgia_IT,0.038914856675588944,0.025974253316173954
Prophet,html_tbilisi georgia_IT,0.038914856675588944,0.025974253316173954
Prophet,javascript_tbilisi georgia_IT,0.038914856675588944,0.025974253316173954
Prophet,software development_tbilisi georgia_IT,0.038914856675588944,0.025974253316173954
Prophet,sql_tbilisi georgia_IT,0.038914856675588944,0.025974253316173954
Prophet,communication_tbilisi georgia_Management,0.42808836959320645,0.3063270635512234
Prophet,management_tbilisi georgia_Management,0.4204148159015202,0.3047915959063283
Prophet,administration_tbilisi georgia_Management,0.22669386258940646,0.18048508841611424
Prophet,leadership_tbilisi georgia_Management,0.46235999608181405,0.29983866994673697
Prophet,project management_tbilisi georgia_Management,0.27591950295674517,0.1886674761097088
Prophet,communication_other armenia_Sales_Marketing,0.6437604531001868,0.3968966125847846
Prophet,sales_other armenia_Sales_Marketing,0.5158260267510519,0.417595915163276
Prophet,marketing_other armenia_Sales_Marketing,0.42122047400541174,0.3916163923590289
Prophet,management_other armenia_Sales_Marketing,0.1865148243575057,0.155301800027319
Prophet,administration_other armenia_Sales_Marketing,0.20247403288336796,0.11785173829474108
Prophet,sales_abovyan armenia_Sales_Marketing,0.25046085280924396,0.10153180631296392
Prophet,marketing_abovyan armenia_Sales_Marketing,0.2783803220094217,0.1368077277482888
Prophet,communication_abovyan armenia_Sales_Marketing,0.24925714543962957,0.08496510030937338
Prophet,finance_abovyan armenia_Sales_Marketing,0.04350084822171851,0.02272997102622661
Prophet,management_abovyan armenia_Sales_Marketing,0.04470673959801158,0.02884164737929153
Prophet,communication_yerevan armenia_Administrative,4.362514839686776,3.4090378494888287
Prophet,management_yerevan armenia_Administrative,2.9372727888632095,2.414276930697823
Prophet,administration_yerevan armenia_Administrative,2.5404281512990696,2.093985888987763
Prophet,database_yerevan armenia_Administrative,1.7218634887261948,1.4843100034994523
Prophet,finance_yerevan armenia_Administrative,1.633264099810534,1.1706807854857586
Prophet,management_other armenia_Management,2.062527832554246,1.5982482522256076
Prophet,communication_other armenia_Management,1.8851146368220657,1.3511492840980273
Prophet,finance_other armenia_Management,1.7393379963772126,1.2117801711799898
Prophet,sales_other armenia_Management,1.2036663422233467,1.028212077635541
Prophet,leadership_other armenia_Management,1.0909812764590903,0.834441985785994
Prophet,administration_tbilisi georgia_Administrative,0.11133850800255977,0.09623993457481081
Prophet,communication_tbilisi georgia_Administrative,0.10410104993733546,0.08638175073411818
Prophet,management_tbilisi georgia_Administrative,0.05974540498254024,0.05464600799108087
Prophet,accounting_tbilisi georgia_Administrative,0.04049635756598313,0.029456742316416908
Prophet,database_tbilisi georgia_Administrative,0.030802863214111124,0.023176036284438036
Prophet,communication_abovyan armenia_Management,0.5852987065204784,0.31429584207383604
Prophet,management_abovyan armenia_Management,0.7409983307489187,0.37932854732891896
Prophet,administration_abovyan armenia_Management,0.4385290096535146,0.19230769230769232
Prophet,sales_abovyan armenia_Management,0.3349625868888201,0.16738250380312775
Prophet,marketing_abovyan armenia_Management,0.3922322702763681,0.15384615384615385
Prophet,communication_yerevan armenia_IT,7.657434805853621,6.311062087295743
Prophet,sql_yerevan armenia_IT,4.031938901553909,3.4154101471587124
Prophet,software development_yerevan armenia_IT,4.8151745759191575,3.7516281515236827
Prophet,management_yerevan armenia_IT,4.9898068029773235,3.9516892924197924
Prophet,javascript_yerevan armenia_IT,3.8806255336924833,3.088879238164524
Prophet,communication_vanadzor armenia_Sales_Marketing,0.2088842804761662,0.09410219379856068
Prophet,management_vanadzor armenia_Sales_Marketing,0.202170621569947,0.0754386781349865
Prophet,sales_vanadzor armenia_Sales_Marketing,0.20649992265870343,0.08350030528116276
Prophet,marketing_vanadzor armenia_Sales_Marketing,0.05755906368403147,0.03911500352156917
Prophet,customer service_vanadzor armenia_Sales_Marketing,0.060427198112428686,0.033093437636289386
Prophet,communication_abovyan armenia_Other,0.4902892971894586,0.4026062601924225
Prophet,sales_abovyan armenia_Other,0.4294265391977571,0.23232019798818582
Prophet,management_abovyan armenia_Other,0.2973542222362637,0.21100569936889504
Prophet,accounting_abovyan armenia_Other,0.25232574993204027,0.16294651034224766
Prophet,marketing_abovyan armenia_Other,0.22718425420079444,0.12107190146095627
Prophet,accounting_abovyan armenia_Finance,0.4699058472213892,0.3222201333378533
Prophet,finance_abovyan armenia_Finance,0.45325695882036704,0.3026844152723942
Prophet,communication_abovyan armenia_Finance,0.3726604530597655,0.18454007545132084
Prophet,management_abovyan armenia_Finance,0.20004087095786946,0.0861481905061931
Prophet,project management_abovyan armenia_Finance,0.052379651123112374,0.03634737309753745
Prophet,communication_tbilisi georgia_Other,0.19942292764997477,0.1475004317972262
Prophet,management_tbilisi georgia_Other,0.16679542512932455,0.1390131604936441
Prophet,administration_tbilisi georgia_Other,0.18753498592594656,0.13233521034914017
Prophet,leadership_tbilisi georgia_Other,0.09338994100179897,0.06583900012345847
Prophet,finance_tbilisi georgia_Other,0.13338239857123443,0.11141319055728274
Prophet,communication_gyumri armenia_IT,0.4496156059574586,0.1655496406420291
Prophet,sql_gyumri armenia_IT,0.3922322702763681,0.07692307692307693
Prophet,css_gyumri armenia_IT,0.19611613513818404,0.038461538461538464
Prophet,finance_gyumri armenia_IT,0.21902920326605177,0.09078279285094334
Prophet,html_gyumri armenia_IT,0.19611613513818404,0.038461538461538464
Prophet,communication_other armenia_Other,2.0933184647025462,1.7623303476557295
Prophet,management_other armenia_Other,2.184470764422803,1.8071373531689676
Prophet,administration_other armenia_Other,1.3983505761031911,0.8284370124000209
Prophet,leadership_other armenia_Other,0.6579290253156755,0.4967558795640077
Prophet,finance_other armenia_Other,0.8592369633466009,0.644201288861653
Prophet,communication_tbilisi georgia_Sales_Marketing,0.13065203318322535,0.05567489896264523
Prophet,management_tbilisi georgia_Sales_Marketing,0.13065203318322535,0.05567489896264523
Prophet,marketing_tbilisi georgia_Sales_Marketing,0.13065203318322535,0.05567489896264523
Prophet,accounting_tbilisi georgia_Sales_Marketing,0.0,0.0
Prophet,administration_tbilisi georgia_Sales_Marketing,0.0,0.0
Prophet,communication_vanadzor armenia_Management,0.17777264708693585,0.15590866924003527
Prophet,management_vanadzor armenia_Management,0.17178034249595756,0.15684457597414891
Prophet,customer service_vanadzor armenia_Management,0.13478894581365436,0.12143834338900893
Prophet,finance_vanadzor armenia_Management,0.12344483946852813,0.10849069692153969
Prophet,accounting_vanadzor armenia_Management,0.1111128482965666,0.10042819912943914
Prophet,communication_yerevan armenia_Sales_Marketing,3.853298398924551,3.163621694673906
Prophet,sales_yerevan armenia_Sales_Marketing,3.3601354260790757,2.8163568440048032
Prophet,marketing_yerevan armenia_Sales_Marketing,2.4258926641150884,1.799887857414917
Prophet,management_yerevan armenia_Sales_Marketing,2.0664985252126606,1.773982480555709
Prophet,database_yerevan armenia_Sales_Marketing,1.5793701523413415,1.4798553690911567
Prophet,communication_vanadzor armenia_IT,0.19611613513818404,0.038461538461538464
Prophet,management_vanadzor armenia_IT,0.19611613513818404,0.038461538461538464
Prophet,software development_vanadzor armenia_IT,0.19611613513818404,0.038461538461538464
Prophet,accounting_vanadzor armenia_IT,0.0,0.0
Prophet,administration_vanadzor armenia_IT,0.0,0.0
Prophet,communication_gyumri armenia_Administrative,0.20676410464792563,0.07480262011795943
Prophet,management_gyumri armenia_Administrative,0.19716408693358162,0.06966692871517002
Prophet,accounting_gyumri armenia_Administrative,0.0,0.0
Prophet,administration_gyumri armenia_Administrative,0.0,0.0
Prophet,css_gyumri armenia_Administrative,0.0,0.0
Prophet,communication_gyumri armenia_Management,0.5544328142382506,0.3296474591802985
Prophet,management_gyumri armenia_Management,0.43956604798112997,0.208017034032986
Prophet,leadership_gyumri armenia_Management,0.40834041064029686,0.17430548028709364
Prophet,administration_gyumri armenia_Management,0.4460739326739715,0.1625078535233575
Prophet,customer service_gyumri armenia_Management,0.2979992263821292,0.15845360839918454
Prophet,accounting_other armenia_Finance,1.1279276258119595,0.7406118667131908
Prophet,communication_other armenia_Finance,1.0169086183831344,0.6661526135443633
Prophet,finance_other armenia_Finance,0.8475960887254385,0.516058752218074
Prophet,management_other armenia_Finance,0.5565028029078971,0.333619033450935
Prophet,administration_other armenia_Finance,0.27380310025315663,0.1748463945982714
LSTM,accounting_gyumri armenia_Finance,0.0,0.0
LSTM,communication_gyumri armenia_Finance,0.0,0.0
LSTM,finance_gyumri armenia_Finance,0.0,0.0
LSTM,administration_gyumri armenia_Finance,0.0,0.0
LSTM,css_gyumri armenia_Finance,0.0,0.0
LSTM,communication_other armenia_IT,0.5194975179302703,0.5112322236482914
LSTM,management_other armenia_IT,0.3766898246338425,0.2338222672159855
LSTM,marketing_other armenia_IT,0.3591498054100921,0.3352987886621402
LSTM,software development_other armenia_IT,0.19861664033241425,0.055238042098398395
LSTM,java_other armenia_IT,0.19611613513818404,0.038461538461538464
LSTM,administration_abovyan armenia_IT,0.2773500981126146,0.07692307692307693
LSTM,database_abovyan armenia_IT,0.19611613513818404,0.038461538461538464
LSTM,javascript_abovyan armenia_IT,0.19611613513818404,0.038461538461538464
LSTM,communication_abovyan armenia_IT,0.19611613513818404,0.038461538461538464
LSTM,css_abovyan armenia_IT,0.0,0.0
LSTM,sales_gyumri armenia_Sales_Marketing,0.3722527752778617,0.36675572051451755
LSTM,communication_gyumri armenia_Sales_Marketing,0.32641539605136505,0.31493279337882996
LSTM,marketing_gyumri armenia_Sales_Marketing,0.0,0.0
LSTM,management_gyumri armenia_Sales_Marketing,0.19611613513818404,0.038461538461538464
LSTM,customer service_gyumri armenia_Sales_Marketing,0.0,0.0
LSTM,communication_vanadzor armenia_Other,0.5218457475491194,0.4059117069611183
LSTM,management_vanadzor armenia_Other,0.28807229111416244,0.25382457358332783
LSTM,administration_vanadzor armenia_Other,0.05918906265013516,0.0338183927994508
LSTM,accounting_vanadzor armenia_Other,0.2770935335019022,0.09438999376904506
LSTM,finance_vanadzor armenia_Other,0.19611613513818404,0.038461538461538464
LSTM,accounting_yerevan armenia_Finance,3.3521403936448926,2.7065076644604025
LSTM,finance_yerevan armenia_Finance,3.1912515803174037,2.5436207331143894
LSTM,management_yerevan armenia_Finance,2.5061755367447947,2.2186909914016724
LSTM,communication_yerevan armenia_Finance,2.6739910898902535,2.048724885170276
LSTM,administration_yerevan armenia_Finance,0.9819609308499221,0.8069136005181533
LSTM,communication_other armenia_Administrative,0.9126404712539281,0.5886564885194485
LSTM,administration_other armenia_Administrative,0.4278783688415948,0.1854041373500457
LSTM,management_other armenia_Administrative,0.37708235215718383,0.18318845983594656
LSTM,accounting_other armenia_Administrative,0.19383283605704343,0.08747807961816971
LSTM,database_other armenia_Administrative,0.0692072695940922,0.06528491713106632
LSTM,communication_yerevan armenia_Management,4.71554207366117,3.3691586347726674
LSTM,management_yerevan armenia_Management,5.232999778703133,4.031659162961519
LSTM,sales_yerevan armenia_Management,3.77266476616105,2.7177461294027476
LSTM,marketing_yerevan armenia_Management,3.888091741273348,2.9874474635491004
LSTM,leadership_yerevan armenia_Management,2.7796342613571605,2.1790948647719164
LSTM,communication_yerevan armenia_Other,9.201174159054561,6.310946537898137
LSTM,management_yerevan armenia_Other,6.233500932608684,4.25203932248629
LSTM,finance_yerevan armenia_Other,3.1458951146701044,2.373779590313251
LSTM,administration_yerevan armenia_Other,3.189024284606263,2.52258772116441
LSTM,database_yerevan armenia_Other,3.2033580144102696,2.481381948177631
LSTM,communication_vanadzor armenia_Administrative,0.0,0.0
LSTM,finance_vanadzor armenia_Administrative,0.0,0.0
LSTM,accounting_vanadzor armenia_Administrative,0.0,0.0
LSTM,administration_vanadzor armenia_Administrative,0.0,0.0
LSTM,management_vanadzor armenia_Administrative,0.0,0.0
LSTM,accounting_tbilisi georgia_Finance,0.0,0.0
LSTM,administration_tbilisi georgia_Finance,0.0,0.0
LSTM,communication_tbilisi georgia_Finance,0.0,0.0
LSTM,finance_tbilisi georgia_Finance,0.0,0.0
LSTM,css_tbilisi georgia_Finance,0.0,0.0
LSTM,database_abovyan armenia_Administrative,0.19611613513818404,0.038461538461538464
LSTM,management_abovyan armenia_Administrative,0.0,0.0
LSTM,communication_abovyan armenia_Administrative,0.0,0.0
LSTM,sales_abovyan armenia_Administrative,0.19611613513818404,0.038461538461538464
LSTM,accounting_abovyan armenia_Administrative,0.0,0.0
LSTM,communication_gyumri armenia_Other,0.9449918774175307,0.64100886709415
LSTM,management_gyumri armenia_Other,0.713966680469418,0.40158535518611854
LSTM,finance_gyumri armenia_Other,1.0,0.23076923076923078
LSTM,accounting_gyumri armenia_Other,1.0,0.23076923076923078
LSTM,administration_gyumri armenia_Other,0.2753269163767394,0.07833645936961357
LSTM,database_tbilisi georgia_IT,0.0,0.0
LSTM,html_tbilisi georgia_IT,0.0,0.0
LSTM,javascript_tbilisi georgia_IT,0.0,0.0
LSTM,software development_tbilisi georgia_IT,0.0,0.0
LSTM,sql_tbilisi georgia_IT,0.0,0.0
LSTM,communication_tbilisi georgia_Management,0.19611613513818404,0.038461538461538464
LSTM,management_tbilisi georgia_Management,0.19611613513818404,0.038461538461538464
LSTM,administration_tbilisi georgia_Management,0.0,0.0
LSTM,leadership_tbilisi georgia_Management,0.19611613513818404,0.038461538461538464
LSTM,project management_tbilisi georgia_Management,0.0,0.0
LSTM,communication_other armenia_Sales_Marketing,0.4385290096535146,0.11538461538461539
LSTM,sales_other armenia_Sales_Marketing,0.5547001962252291,0.23076923076923078
LSTM,marketing_other armenia_Sales_Marketing,0.2773500981126146,0.07692307692307693
LSTM,management_other armenia_Sales_Marketing,0.0,0.0
LSTM,administration_other armenia_Sales_Marketing,0.19611613513818404,0.038461538461538464
LSTM,sales_abovyan armenia_Sales_Marketing,0.2773500981126146,0.07692307692307693
LSTM,marketing_abovyan armenia_Sales_Marketing,0.2773500981126146,0.07692307692307693
LSTM,communication_abovyan armenia_Sales_Marketing,0.2773500981126146,0.07692307692307693
LSTM,finance_abovyan armenia_Sales_Marketing,0.0,0.0
LSTM,management_abovyan armenia_Sales_Marketing,0.0,0.0
LSTM,communication_yerevan armenia_Administrative,4.409484799535533,3.764716148376465
LSTM,management_yerevan armenia_Administrative,2.8438364062765884,2.4004902839660645
LSTM,administration_yerevan armenia_Administrative,2.921568463003721,2.601965097280649
LSTM,database_yerevan armenia_Administrative,2.1208272492420517,1.8199195495018592
LSTM,finance_yerevan armenia_Administrative,1.6026508733832086,1.2445082939588106
LSTM,management_other armenia_Management,2.14299230773089,1.6412260669928331
LSTM,communication_other armenia_Management,1.7696352485681346,1.3328956090486968
LSTM,finance_other armenia_Management,1.5719620556364613,1.1370686980394216
LSTM,sales_other armenia_Management,0.8075414554648706,0.6355742004055244
LSTM,leadership_other armenia_Management,1.065340686026914,0.7981144258609185
LSTM,administration_tbilisi georgia_Administrative,0.0,0.0
LSTM,communication_tbilisi georgia_Administrative,0.0,0.0
LSTM,management_tbilisi georgia_Administrative,0.0,0.0
LSTM,accounting_tbilisi georgia_Administrative,0.0,0.0
LSTM,database_tbilisi georgia_Administrative,0.0,0.0
LSTM,communication_abovyan armenia_Management,0.5883484054145521,0.2692307692307692
LSTM,management_abovyan armenia_Management,0.7595545253127499,0.34615384615384615
LSTM,administration_abovyan armenia_Management,0.4385290096535146,0.19230769230769232
LSTM,sales_abovyan armenia_Management,0.3396831102433787,0.11538461538461539
LSTM,marketing_abovyan armenia_Management,0.3922322702763681,0.15384615384615385
LSTM,communication_yerevan armenia_IT,6.849169372067913,5.5943815524761495
LSTM,sql_yerevan armenia_IT,5.454471564127988,4.10887072636531
LSTM,software development_yerevan armenia_IT,5.437553784279441,4.295860804044283
LSTM,management_yerevan armenia_IT,4.229261030337486,3.3593676273639383
LSTM,javascript_yerevan armenia_IT,4.383671281184591,3.665867988879864
LSTM,communication_vanadzor armenia_Sales_Marketing,0.1735547558805948,0.07261629621140085
LSTM,management_vanadzor armenia_Sales_Marketing,0.19611613513818404,0.038461538461538464
LSTM,sales_vanadzor armenia_Sales_Marketing,0.19611613513818404,0.038461538461538464
LSTM,marketing_vanadzor armenia_Sales_Marketing,0.0,0.0
LSTM,customer service_vanadzor armenia_Sales_Marketing,0.0,0.0
LSTM,communication_abovyan armenia_Other,0.5890914042645187,0.5492519346567301
LSTM,sales_abovyan armenia_Other,0.438721503657055,0.12047000114734356
LSTM,management_abovyan armenia_Other,0.27737255718798837,0.07806287576945928
LSTM,accounting_abovyan armenia_Other,0.19611613513818404,0.038461538461538464
LSTM,marketing_abovyan armenia_Other,0.19611613513818404,0.038461538461538464
LSTM,accounting_abovyan armenia_Finance,0.5188745216627708,0.2692307692307692
LSTM,finance_abovyan armenia_Finance,0.5188745216627708,0.2692307692307692
LSTM,communication_abovyan armenia_Finance,0.3922322702763681,0.15384615384615385
LSTM,management_abovyan armenia_Finance,0.20008710739779498,0.0849181536020926
LSTM,project management_abovyan armenia_Finance,0.0,0.0
LSTM,communication_tbilisi georgia_Other,0.0,0.0
LSTM,management_tbilisi georgia_Other,0.06315624100758742,0.03744111228017853
LSTM,administration_tbilisi georgia_Other,0.0,0.0
LSTM,leadership_tbilisi georgia_Other,0.0,0.0
LSTM,finance_tbilisi georgia_Other,0.0,0.0
LSTM,communication_gyumri armenia_IT,0.2773500981126146,0.07692307692307693
LSTM,sql_gyumri armenia_IT,0.3922322702763681,0.07692307692307693
LSTM,css_gyumri armenia_IT,0.19611613513818404,0.038461538461538464
LSTM,finance_gyumri armenia_IT,0.0,0.0
LSTM,html_gyumri armenia_IT,0.19611613513818404,0.038461538461538464
LSTM,communication_other armenia_Other,1.8246045238715158,1.5319801018788264
LSTM,management_other armenia_Other,2.2705140095104794,1.8104532383955443
LSTM,administration_other armenia_Other,1.224744871391589,0.5769230769230769
LSTM,leadership_other armenia_Other,0.6443650452239389,0.4637127134662408
LSTM,finance_other armenia_Other,0.8522624090156147,0.6970577927736136
LSTM,communication_tbilisi georgia_Sales_Marketing,0.0,0.0
LSTM,management_tbilisi georgia_Sales_Marketing,0.0,0.0
LSTM,marketing_tbilisi georgia_Sales_Marketing,0.0,0.0
LSTM,accounting_tbilisi georgia_Sales_Marketing,0.0,0.0
LSTM,administration_tbilisi georgia_Sales_Marketing,0.0,0.0
LSTM,communication_vanadzor armenia_Management,0.0,0.0
LSTM,management_vanadzor armenia_Management,0.02969388523055847,0.02293990194224394
LSTM,customer service_vanadzor armenia_Management,0.0,0.0
LSTM,finance_vanadzor armenia_Management,0.0,0.0
LSTM,accounting_vanadzor armenia_Management,0.0162659462696294,0.00838078221736046
LSTM,communication_yerevan armenia_Sales_Marketing,3.2093507697884207,2.7278637886047363
LSTM,sales_yerevan armenia_Sales_Marketing,2.565749241448166,2.1723074179429274
LSTM,marketing_yerevan armenia_Sales_Marketing,2.339948333433981,1.8688130103624785
LSTM,management_yerevan armenia_Sales_Marketing,2.542061961029378,1.94888332256904
LSTM,database_yerevan armenia_Sales_Marketing,1.2931112673986864,1.1458363578869746
LSTM,communication_vanadzor armenia_IT,0.19611613513818404,0.038461538461538464
LSTM,management_vanadzor armenia_IT,0.19611613513818404,0.038461538461538464
LSTM,software development_vanadzor armenia_IT,0.19611613513818404,0.038461538461538464
LSTM,accounting_vanadzor armenia_IT,0.0,0.0
LSTM,administration_vanadzor armenia_IT,0.0,0.0
LSTM,communication_gyumri armenia_Administrative,0.19611613513818404,0.038461538461538464
LSTM,management_gyumri armenia_Administrative,0.19611613513818404,0.038461538461538464
LSTM,accounting_gyumri armenia_Administrative,0.0,0.0
LSTM,administration_gyumri armenia_Administrative,0.0,0.0
LSTM,css_gyumri armenia_Administrative,0.0,0.0
LSTM,communication_gyumri armenia_Management,0.5883484054145521,0.19230769230769232
LSTM,management_gyumri armenia_Management,0.4803844614152614,0.15384615384615385
LSTM,leadership_gyumri armenia_Management,0.4385290096535146,0.11538461538461539
LSTM,administration_gyumri armenia_Management,0.4385290096535146,0.11538461538461539
LSTM,customer service_gyumri armenia_Management,0.19611613513818404,0.038461538461538464
LSTM,accounting_other armenia_Finance,1.1766968108291043,0.6923076923076923
LSTM,communication_other armenia_Finance,1.1435437497937313,0.6153846153846154
LSTM,finance_other armenia_Finance,0.7964541288745253,0.43299975160222787
LSTM,management_other armenia_Finance,0.549868073157908,0.23768769464312264
LSTM,administration_other armenia_Finance,0.2773500981126146,0.07692307692307693
Ensemble,accounting_abovyan armenia_Administrative,0.0,0.0
Ensemble,accounting_abovyan armenia_Finance,0.4875912987036509,0.29703757971695305
Ensemble,accounting_abovyan armenia_Other,0.2034386438780856,0.09290232105617463
Ensemble,accounting_gyumri armenia_Administrative,0.0,0.0
Ensemble,accounting_gyumri armenia_Finance,9.999701521764064e-07,7.068455041931496e-07
Ensemble,accounting_gyumri armenia_Other,0.9989360774108876,0.2521393908097806
Ensemble,accounting_other armenia_Administrative,0.21198490600663547,0.08122421380427297
Ensemble,accounting_other armenia_Finance,1.145052766906662,0.7169708721502788
Ensemble,accounting_tbilisi georgia_Administrative,9.999506152812063e-07,7.273564679363514e-07
Ensemble,accounting_tbilisi georgia_Finance,9.99995560974353e-07,3.703416951793056e-07
Ensemble,accounting_tbilisi georgia_Sales_Marketing,0.0,0.0
Ensemble,accounting_vanadzor armenia_Administrative,9.999162860730351e-07,5.899401742807157e-07
Ensemble,accounting_vanadzor armenia_IT,0.0,0.0
Ensemble,accounting_vanadzor armenia_Management,0.024949358168091955,0.020135539991216568
Ensemble,accounting_vanadzor armenia_Other,0.2711400900335399,0.14302521240844054
Ensemble,accounting_yerevan armenia_Finance,3.7355560211627576,3.0848102102332167
Ensemble,administration_abovyan armenia_IT,0.2736041920505369,0.09589662306237821
Ensemble,administration_abovyan armenia_Management,0.4385290096535146,0.19230769230769232
Ensemble,administration_gyumri armenia_Administrative,0.0,0.0
Ensemble,administration_gyumri armenia_Finance,0.0,0.0
Ensemble,administration_gyumri armenia_Management,0.4355677285340089,0.13874527400982706
Ensemble,administration_gyumri armenia_Other,0.28341497117353814,0.10915900470108951
Ensemble,administration_other armenia_Administrative,0.42847193906596415,0.17383157323825343
Ensemble,administration_other armenia_Finance,0.2672313265947515,0.12619983194339618
Ensemble,administration_other armenia_Other,1.2932287865573047,0.6943570115132827
Ensemble,administration_other armenia_Sales_Marketing,0.18981549186878188,0.07752346641315283
Ensemble,administration_tbilisi georgia_Administrative,9.999820370857302e-07,8.643748470466668e-07
Ensemble,administration_tbilisi georgia_Finance,9.99990222146274e-07,3.58702004659362e-07
Ensemble,administration_tbilisi georgia_Management,9.999911776069612e-07,7.961551938114123e-07
Ensemble,administration_tbilisi georgia_Other,9.999893354370067e-07,7.056485935067542e-07
Ensemble,administration_tbilisi georgia_Sales_Marketing,0.0,0.0
Ensemble,administration_vanadzor armenia_Administrative,9.999378584217016e-07,7.737630812989058e-07
Ensemble,administration_vanadzor armenia_IT,0.0,0.0
Ensemble,administration_vanadzor armenia_Other,0.035997230321808134,0.029200076809390945
Ensemble,administration_yerevan armenia_Administrative,2.66794881322575,2.330252003303831
Ensemble,administration_yerevan armenia_Finance,1.0421938504024129,0.9136679100429052
Ensemble,administration_yerevan armenia_Other,3.2257490920151266,2.482887032515261
Ensemble,communication_abovyan armenia_Administrative,9.999645803118172e-07,4.76436911239989e-07
Ensemble,communication_abovyan armenia_Finance,0.3807548631675535,0.16958580648265204
Ensemble,communication_abovyan armenia_IT,0.19611613513818404,0.038461538461538464
Ensemble,communication_abovyan armenia_Management,0.5854268094799782,0.29182185590442367
Ensemble,communication_abovyan armenia_Other,0.5202732975810295,0.46921743639322955
Ensemble,communication_abovyan armenia_Sales_Marketing,0.2621591876161336,0.08115859698761481
Ensemble,communication_gyumri armenia_Administrative,0.20033202262395916,0.056151841280704384
Ensemble,communication_gyumri armenia_Finance,9.999701521764064e-07,7.068455041931496e-07
Ensemble,communication_gyumri armenia_IT,0.33672092779613716,0.11073568597266632
Ensemble,communication_gyumri armenia_Management,0.5631074912978186,0.26301556479799776
Ensemble,communication_gyumri armenia_Other,0.9260601030537781,0.6143357528457478
Ensemble,communication_gyumri armenia_Sales_Marketing,0.25758553477896295,0.23361704366836278
Ensemble,communication_other armenia_Administrative,0.9746693799906447,0.599463309365023
Ensemble,communication_other armenia_Finance,1.068213068438549,0.642256498729279
Ensemble,communication_other armenia_IT,0.35020952703942987,0.31229344637795103
Ensemble,communication_other armenia_Management,1.797276248218846,1.3261993639792151
Ensemble,communication_other armenia_Other,1.881036918000441,1.5707239543422749
Ensemble,communication_other armenia_Sales_Marketing,0.47452933776425477,0.22944950741995462
Ensemble,communication_tbilisi georgia_Administrative,9.99980788266999e-07,8.297715656372742e-07
Ensemble,communication_tbilisi georgia_Finance,9.999709816491894e-07,5.843561869540217e-07
Ensemble,communication_tbilisi georgia_Management,0.23660549526867505,0.12262121796612879
Ensemble,communication_tbilisi georgia_Other,9.99989971163467e-07,7.396288595180785e-07
Ensemble,communication_tbilisi georgia_Sales_Marketing,9.99984692397538e-07,4.26124610210604e-07
Ensemble,communication_vanadzor armenia_Administrative,9.999698946618885e-07,9.139244412827417e-07
Ensemble,communication_vanadzor armenia_IT,0.19611613513818404,0.038461538461538464
Ensemble,communication_vanadzor armenia_Management,9.999887498018824e-07,8.770017085945465e-07
Ensemble,communication_vanadzor armenia_Other,0.47048579361142345,0.331362498205788
Ensemble,communication_vanadzor armenia_Sales_Marketing,0.1858872460455516,0.08236682202326474
Ensemble,communication_yerevan armenia_Administrative,4.333378341231711,3.5753379355466866
Ensemble,communication_yerevan armenia_Finance,2.578026989072606,2.0129763212131278
Ensemble,communication_yerevan armenia_IT,7.079810408212123,5.89843734200837
Ensemble,communication_yerevan armenia_Management,5.279701180727866,4.097717920996733
Ensemble,communication_yerevan armenia_Other,10.692535422987993,7.245705012574007
Ensemble,communication_yerevan armenia_Sales_Marketing,3.2703652087884825,2.6560654416936655
Ensemble,css_abovyan armenia_IT,9.999663762860769e-07,7.319004492725471e-07
Ensemble,css_gyumri armenia_Administrative,0.0,0.0
Ensemble,css_gyumri armenia_Finance,0.0,0.0
Ensemble,css_gyumri armenia_IT,0.19611613513818404,0.038461538461538464
Ensemble,css_tbilisi georgia_Finance,0.0,0.0
Ensemble,customer service_gyumri armenia_Management,0.21309714282725548,0.08608686561674375
Ensemble,customer service_gyumri armenia_Sales_Marketing,9.999560650330895e-07,6.196033610679113e-07
Ensemble,customer service_vanadzor armenia_Management,9.999851622081297e-07,9.00938432147326e-07
Ensemble,customer service_vanadzor armenia_Sales_Marketing,9.999669034165194e-07,5.476398606964626e-07
Ensemble,database_abovyan armenia_Administrative,0.19755667202395247,0.07504230479683356
Ensemble,database_abovyan armenia_IT,0.19213618670677668,0.0579724639118199
Ensemble,database_other armenia_Administrative,0.06841176075075718,0.06277516487651487
Ensemble,database_tbilisi georgia_Administrative,9.999350751864697e-07,7.523499170683389e-07
Ensemble,database_tbilisi georgia_IT,9.999486083879621e-07,6.674293746973302e-07
Ensemble,database_yerevan armenia_Administrative,1.8763482711319264,1.619611201533488
Ensemble,database_yerevan armenia_Other,2.809572061928252,2.0322154244859965
Ensemble,database_yerevan armenia_Sales_Marketing,1.4058565280146793,1.2962024411041224
Ensemble,finance_abovyan armenia_Finance,0.4797989339164748,0.28708662790641426
Ensemble,finance_abovyan armenia_Sales_Marketing,9.99954025998716e-07,5.224938585717433e-07
Ensemble,finance_gyumri armenia_Finance,9.999701521764064e-07,7.068455041931496e-07
Ensemble,finance_gyumri armenia_IT,9.999908688809167e-07,4.1447424612223747e-07
Ensemble,finance_gyumri armenia_Other,0.9929384623418187,0.26412153334803357
Ensemble,finance_other armenia_Finance,0.8170308743949695,0.46269645355517847
Ensemble,finance_other armenia_Management,1.634855154689073,1.1665749876289533
Ensemble,finance_other armenia_Other,0.8471394571213487,0.6707372388201687
Ensemble,finance_tbilisi georgia_Finance,9.99990222146274e-07,3.58702004659362e-07
Ensemble,finance_tbilisi georgia_Other,9.9998500574264e-07,8.352790262631961e-07
Ensemble,finance_vanadzor armenia_Administrative,9.999520847514808e-07,4.337178194600147e-07
Ensemble,finance_vanadzor armenia_Management,9.9998379869417e-07,8.788454802781613e-07
Ensemble,finance_vanadzor armenia_Other,0.19371247626033355,0.09626870419041673
Ensemble,finance_yerevan armenia_Administrative,1.5404340533128256,1.1240899698435638
Ensemble,finance_yerevan armenia_Finance,3.2944865246376698,2.5895205313746876
Ensemble,finance_yerevan armenia_Other,3.7328368934497473,2.5643643212269414
Ensemble,html_gyumri armenia_IT,0.19611613513818404,0.038461538461538464
Ensemble,html_tbilisi georgia_IT,9.999486083879621e-07,6.674293746973302e-07
Ensemble,java_other armenia_IT,0.22012397724143115,0.07441347804300923
Ensemble,javascript_abovyan armenia_IT,0.19213618670677668,0.0579724639118199
Ensemble,javascript_tbilisi georgia_IT,9.999486083879621e-07,6.674293746973302e-07
Ensemble,javascript_yerevan armenia_IT,4.0162045141693925,3.3243100904221743
Ensemble,leadership_gyumri armenia_Management,0.4203741770129012,0.14589522990684461
Ensemble,leadership_other armenia_Management,1.068907418507706,0.8160622224875465
Ensemble,leadership_other armenia_Other,0.6425580666080081,0.48006221704054963
Ensemble,leadership_tbilisi georgia_Management,0.23838523739476916,0.11630851892623577
Ensemble,leadership_tbilisi georgia_Other,9.999785848759697e-07,7.049751768430453e-07
Ensemble,leadership_yerevan armenia_Management,2.501399646785424,1.957828573236236
Ensemble,management_abovyan armenia_Administrative,9.999883255975824e-07,8.496871248486819e-07
Ensemble,management_abovyan armenia_Finance,0.19568369576998867,0.07878517905194973
Ensemble,management_abovyan armenia_Management,0.7491332545265357,0.3629463196021413
Ensemble,management_abovyan armenia_Other,0.2731126650848507,0.14222326794841186
Ensemble,management_abovyan armenia_Sales_Marketing,9.999552660169359e-07,6.451008827046931e-07
Ensemble,management_gyumri armenia_Administrative,0.1950810763969554,0.05402265817138001
Ensemble,management_gyumri armenia_Management,0.45607345707747704,0.18213337846701674
Ensemble,management_gyumri armenia_Other,0.7000111778639562,0.3909793774569032
Ensemble,management_gyumri armenia_Sales_Marketing,0.19478561279002135,0.05444704291319613
Ensemble,management_other armenia_Administrative,0.3953656072287471,0.15810256901012368
Ensemble,management_other armenia_Finance,0.5466262023737117,0.28242726370324417
Ensemble,management_other armenia_IT,0.3848630378554253,0.2626335101200177
Ensemble,management_other armenia_Management,2.08494643576468,1.6121645780168474
Ensemble,management_other armenia_Other,2.1999242769687073,1.7823694543931232
Ensemble,management_other armenia_Sales_Marketing,9.999892771067335e-07,8.326423128974394e-07
Ensemble,management_tbilisi georgia_Administrative,9.999665257428235e-07,9.146172625748322e-07
Ensemble,management_tbilisi georgia_Management,0.23659303956637084,0.12318026724834176
Ensemble,management_tbilisi georgia_Other,0.05741680411025811,0.04627274677983817
Ensemble,management_tbilisi georgia_Sales_Marketing,9.99984692397538e-07,4.26124610210604e-07
Ensemble,management_vanadzor armenia_Administrative,9.999162860730351e-07,5.899401742807157e-07
Ensemble,management_vanadzor armenia_IT,0.19611613513818404,0.038461538461538464
Ensemble,management_vanadzor armenia_Management,0.04603159032504046,0.0426756492911082
Ensemble,management_vanadzor armenia_Other,0.2483373661930311,0.1385588077876205
Ensemble,management_vanadzor armenia_Sales_Marketing,0.19672745768276673,0.056669058950687815
Ensemble,management_yerevan armenia_Administrative,2.863463913672317,2.386575625566342
Ensemble,management_yerevan armenia_Finance,2.5382732472303267,2.266481681761477
Ensemble,management_yerevan armenia_IT,4.51834684853345,3.565162525651429
Ensemble,management_yerevan armenia_Management,5.572745996798445,4.348892007989528
Ensemble,management_yerevan armenia_Other,6.588241905536726,4.1493521823665285
Ensemble,management_yerevan armenia_Sales_Marketing,2.102211670197282,1.7262484396217082
Ensemble,marketing_abovyan armenia_Management,0.3922322702763681,0.15384615384615385
Ensemble,marketing_abovyan armenia_Other,0.20259963476378018,0.07673514175839426
Ensemble,marketing_abovyan armenia_Sales_Marketing,0.2751269998000258,0.10680989486833146
Ensemble,marketing_gyumri armenia_Sales_Marketing,9.999886577656055e-07,9.015825150638862e-07
Ensemble,marketing_other armenia_IT,0.28922692514324744,0.2600192675638398
Ensemble,marketing_other armenia_Sales_Marketing,0.2859584358808046,0.20186433583942948
Ensemble,marketing_tbilisi georgia_Sales_Marketing,9.99984692397538e-07,4.26124610210604e-07
Ensemble,marketing_vanadzor armenia_Sales_Marketing,9.999652542904526e-07,6.795392756513707e-07
Ensemble,marketing_yerevan armenia_Management,4.235276179011117,3.509930902835337
Ensemble,marketing_yerevan armenia_Sales_Marketing,2.226842487145892,1.7196320863465269
Ensemble,project management_abovyan armenia_Finance,9.999618186911422e-07,6.93895139198846e-07
Ensemble,project management_tbilisi georgia_Management,9.999927515616631e-07,6.837722833775853e-07
Ensemble,sales_abovyan armenia_Administrative,0.19611613513818404,0.038461538461538464
Ensemble,sales_abovyan armenia_Management,0.33489246261997474,0.1415654747235835
Ensemble,sales_abovyan armenia_Other,0.42615430735018917,0.1769938691082132
Ensemble,sales_abovyan armenia_Sales_Marketing,0.2615323723002048,0.08985428315346705
Ensemble,sales_gyumri armenia_Sales_Marketing,0.3192466782668538,0.3001132775232666
Ensemble,sales_other armenia_Management,0.8493680113575801,0.7135810633457262
Ensemble,sales_other armenia_Sales_Marketing,0.4977941913452947,0.3275746984775459
Ensemble,sales_vanadzor armenia_Sales_Marketing,0.19841448577225812,0.06040013199396622
Ensemble,sales_yerevan armenia_Management,3.7534372426873412,2.757269629340425
Ensemble,sales_yerevan armenia_Sales_Marketing,2.6626576379969404,2.1975583705950124
Ensemble,software development_other armenia_IT,0.21210160299198064,0.0799171112267616
Ensemble,software development_tbilisi georgia_IT,9.999486083879621e-07,6.674293746973302e-07
Ensemble,software development_vanadzor armenia_IT,0.19611613513818404,0.038461538461538464
Ensemble,software development_yerevan armenia_IT,4.901742939634429,3.8683062365483263
Ensemble,sql_gyumri armenia_IT,0.3922322702763681,0.07692307692307693
Ensemble,sql_tbilisi georgia_IT,9.999486083879621e-07,6.674293746973302e-07
Ensemble,sql_yerevan armenia_IT,4.204213053094551,3.181065235428302
